region,PopulationDensity,EV_AdoptionRate,ExistingStations
Arizona,63.8,6.2,959250
California,253.9,12.3,2589300
Colorado,56.699999999999996,9.3,1071850
Florida,397.2,7.8,1420100
Georgia,187.5,7.1,1004080
Illinois,231.1,6.9,1140000
Nevada,28.6,5.3,770400
New York,421.0,10.5,1866000
Texas,105.2,8.7,1567200
Washington,113.40000000000002,11.1,1226960
